,coordenate
0,<h3>Latitud: 41.3795176<br/>Longitud: 2.1683678</h3>
1,<h3>Latitud: 41.3833947<br/>Longitud: 2.1769119</h3>
2,<h3>Latitud: 41.3806533<br/>Longitud: 2.1899274</h3>
3,<h3>Latitud: 41.3883219<br/>Longitud: 2.1774107</h3>
4,<h3>Latitud: 41.3959246<br/>Longitud: 2.1823245</h3>
5,<h3>Latitud: 41.4036299<br/>Longitud: 2.1743558</h3>
6,<h3>Latitud: 41.3950373<br/>Longitud: 2.1672069</h3>
7,<h3>Latitud: 41.39<br/>Longitud: 2.155</h3>
8,<h3>Latitud: 41.383389<br/>Longitud: 2.149</h3>
9,<h3>Latitud: 41.3784116<br/>Longitud: 2.1617677</h3>
10,<h3>Latitud: 41.3749795<br/>Longitud: 2.1605721</h3>
11,<h3>Latitud: 41.3538419<br/>Longitud: 2.1423184</h3>
12,<h3>Latitud: 41.3707824<br/>Longitud: 2.1446756</h3>
13,<h3>Latitud: 41.3707824<br/>Longitud: 2.1446756</h3>
14,<h3>Latitud: 41.3752539<br/>Longitud: 2.1433476</h3>
15,<h3>Latitud: 41.3691417<br/>Longitud: 2.1373733</h3>
16,<h3>Latitud: 41.375466<br/>Longitud: 2.1277096</h3>
17,<h3>Latitud: 41.37901205<br/>Longitud: 2.13996016646417</h3>
18,<h3>Latitud: 41.3884524<br/>Longitud: 2.12171825426451</h3>
19,<h3>Latitud: 41.38197505<br/>Longitud: 2.11547363754403</h3>
20,<h3>Latitud: 41.391675<br/>Longitud: 2.116898</h3>
21,<h3>Latitud: 41.41834785<br/>Longitud: 2.10254530630055</h3>
22,<h3>Latitud: 41.399373<br/>Longitud: 2.1215125</h3>
23,<h3>Latitud: 41.3976108<br/>Longitud: 2.1311837</h3>
24,<h3>Latitud: 41.4059829<br/>Longitud: 2.1334046</h3>
25,<h3>Latitud: 41.39780685<br/>Longitud: 2.14338538868091</h3>
26,<h3>Latitud: 41.40731705<br/>Longitud: 2.14342428382936</h3>
27,<h3>Latitud: 41.41571615<br/>Longitud: 2.14143496229065</h3>
28,<h3>Latitud: 41.4179072<br/>Longitud: 2.1480753</h3>
29,<h3>Latitud: 41.411866<br/>Longitud: 2.1539614</h3>
30,<h3>Latitud: 41.4031783<br/>Longitud: 2.1571662</h3>
31,<h3>Latitud: 41.4045889<br/>Longitud: 2.1667806</h3>
32,<h3>Latitud: 41.4114374<br/>Longitud: 2.1686512</h3>
33,<h3>Latitud: 41.4160925<br/>Longitud: 2.1624018</h3>
34,<h3>Latitud: 41.4177335<br/>Longitud: 2.1736316</h3>
35,<h3>Latitud: 41.425788<br/>Longitud: 2.1659152</h3>
36,<h3>Latitud: 41.4256037<br/>Longitud: 2.1549579</h3>
37,<h3>Latitud: 41.423173<br/>Longitud: 2.1459698</h3>
38,<h3>Latitud: 41.4264567<br/>Longitud: 2.1374905</h3>
39,<h3>Latitud: 41.4295504<br/>Longitud: 2.1445379</h3>
40,<h3>Latitud: 41.4303788<br/>Longitud: 2.1486244</h3>
41,<h3>Latitud: 41.4278574<br/>Longitud: 2.1524066</h3>
42,<h3>Latitud: 41.4330206<br/>Longitud: 2.1590883</h3>
43,<h3>Latitud: 41.4300186<br/>Longitud: 2.1760694</h3>
44,<h3>Latitud: 41.4331882<br/>Longitud: 2.1760336</h3>
45,<h3>Latitud: 41.4323672<br/>Longitud: 2.1690681</h3>
46,<h3>Latitud: 41.4348568<br/>Longitud: 2.1657848</h3>
47,<h3>Latitud: 41.4403026<br/>Longitud: 2.1704023</h3>
48,<h3>Latitud: 41.4428353<br/>Longitud: 2.1652279</h3>
49,<h3>Latitud: 41.4477984<br/>Longitud: 2.1762713</h3>
50,<h3>Latitud: 41.4440404<br/>Longitud: 2.1758401</h3>
51,<h3>Latitud: 41.4423335<br/>Longitud: 2.1794381</h3>
52,<h3>Latitud: 41.4494828<br/>Longitud: 2.1841624</h3>
53,<h3>Latitud: 41.4580108<br/>Longitud: 2.1839863</h3>
54,<h3>Latitud: 41.4609185<br/>Longitud: 2.1745668</h3>
55,<h3>Latitud: 41.463372<br/>Longitud: 2.1840515</h3>
56,<h3>Latitud: 41.4501759<br/>Longitud: 2.1913441</h3>
57,<h3>Latitud: 41.4499467<br/>Longitud: 2.1995389</h3>
58,<h3>Latitud: 41.4359841<br/>Longitud: 2.2051289</h3>
59,<h3>Latitud: 41.43743905<br/>Longitud: 2.19685944974823</h3>
60,<h3>Latitud: 41.4226234<br/>Longitud: 2.1870242</h3>
61,<h3>Latitud: 41.4228372<br/>Longitud: 2.1823463</h3>
62,<h3>Latitud: 41.4160445<br/>Longitud: 2.1869379</h3>
63,<h3>Latitud: 41.4107542<br/>Longitud: 2.1828156</h3>
64,<h3>Latitud: 41.4099525<br/>Longitud: 2.1908234</h3>
65,<h3>Latitud: 41.4007334<br/>Longitud: 2.191342</h3>
66,<h3>Latitud: 41.3898682<br/>Longitud: 2.1968459</h3>
67,<h3>Latitud: 41.400527<br/>Longitud: 2.2017292</h3>
68,<h3>Latitud: 41.4052285<br/>Longitud: 2.2133522</h3>
69,<h3>Latitud: 41.4149787<br/>Longitud: 2.2138765</h3>
70,<h3>Latitud: 41.4119484<br/>Longitud: 2.2041249</h3>
71,<h3>Latitud: 41.4165186<br/>Longitud: 2.1989683</h3>
72,<h3>Latitud: 41.4232198<br/>Longitud: 2.20294015204582</h3>
